Name,Win,Loss,Num,Color,Mana Value,Type,Main %,Win %,Norm %
Incubation Druid,22,29,7,G,2.0,Creature,1.0,0.43137254901960786,0.9488396594788626
Dauthi Voidwalker,58,58,16,B,2.0,Creature,1.0,0.5,1.0096689870383242
"Ragavan, Nimble Pilferer",37,36,10,R,1.0,Creature,1.0,0.5068493150684932,1.0366758307418207
Prismatic Vista,45,56,15,,0.0,Land,1.0,0.44554455445544555,0.9273350237484451
Slickshot Show-Off,17,24,6,R,2.0,Creature,1.0,0.4146341463414634,0.7828439672875311
Polluted Delta,45,50,14,,0.0,Land,1.0,0.47368421052631576,0.9562256492558662
Horizon of Progress,19,25,7,,0.0,Land,1.0,0.4318181818181818,0.8629981926928835
Dismember,50,45,14,B,3.0,Instant,1.0,0.5263157894736842,1.118061199301002
Necromancy,33,25,8,B,3.0,Enchantment,1.0,0.5689655172413793,1.269287746063414
"Phelia, Exuberant Shepherd",30,13,6,W,2.0,Creature,1.0,0.6976744186046512,1.319752284835709
Bitter Triumph,38,47,12,B,2.0,Instant,1.0,0.4470588235294118,0.956986226526566
Misty Rainforest,58,43,14,,0.0,Land,1.0,0.5742574257425742,1.1413286513959737
Bitterblossom,46,57,15,B,2.0,Enchantment,1.0,0.44660194174757284,0.9110198006265018
Lightning Bolt,31,26,8,R,1.0,Instant,1.0,0.543859649122807,1.093213441257612
Fear of Missing Out,25,23,7,R,2.0,Creature,1.0,0.5208333333333334,0.9487411495038675
Smuggler's Copter,43,50,13,,2.0,Artifact,1.0,0.46236559139784944,0.9407800087689949
Ertai Resurrected,45,24,9,BU,4.0,Creature,1.0,0.6521739130434783,1.2086518089523521
Tireless Tracker,39,48,12,G,3.0,Creature,1.0,0.4482758620689655,1.0302118545049639
Accursed Marauder,32,28,8,B,2.0,Creature,1.0,0.5333333333333333,1.0932983499938922
Trumpeting Carnosaur,46,51,14,R,6.0,Creature,1.0,0.4742268041237113,0.92445533241711
Troll of Khazad-dûm,31,47,12,B,6.0,Creature,1.0,0.3974358974358974,0.8709677350460623
Llanowar Elves,51,53,15,G,1.0,Creature,1.0,0.49038461538461536,1.0211280467867079
Phantasmal Image,51,28,12,U,2.0,Creature,1.0,0.6455696202531646,1.1885902729006044
Mana Leak,49,60,16,U,2.0,Instant,1.0,0.44954128440366975,0.8715910443516915
Bonecrusher Giant // Stomp,53,44,14,R,3.0,Creature,1.0,0.5463917525773195,1.0829863579436254
Fabled Passage,35,50,12,,0.0,Land,1.0,0.4117647058823529,0.8557162814366122
Shelldock Isle,54,56,16,U,0.0,Land,0.9411764705882353,0.4909090909090909,0.9404390210920469
Fatal Push,48,48,14,B,1.0,Instant,0.9333333333333333,0.5,1.1068113927861178
Zagoth Triome,51,47,14,BGU,0.0,Land,0.9333333333333333,0.5204081632653061,1.0419402994702025
Abrade,48,51,14,R,2.0,Instant,0.9333333333333333,0.48484848484848486,0.938667003334254
Selfless Spirit,48,44,13,W,2.0,Creature,0.9285714285714286,0.5217391304347826,0.9565495028615415
Flooded Strand,50,43,13,,0.0,Land,0.9285714285714286,0.5376344086021505,0.989331110437863
"Inti, Seneschal of the Sun",55,38,13,R,2.0,Creature,0.9285714285714286,0.5913978494623656,1.179312904676148
Deep-Cavern Bat,47,37,13,B,2.0,Creature,0.9285714285714286,0.5595238095238095,1.12888636190014
Ravenous Chupacabra,39,40,12,B,4.0,Creature,0.9230769230769231,0.4936708860759494,1.0265019389248597
Gix's Command,54,33,12,B,5.0,Sorcery,0.9230769230769231,0.6206896551724138,1.270989137761302
Noble Hierarch,35,47,12,GUW,1.0,Creature,0.9230769230769231,0.4268292682926829,0.9616124354376385
Go for the Throat,45,40,12,B,2.0,Instant,0.9230769230769231,0.5294117647058824,1.0877683588632625
The One Ring,37,44,12,,4.0,Artifact,0.9230769230769231,0.4567901234567901,0.9299317958117511
Mystic Confluence,40,41,12,U,5.0,Instant,0.9230769230769231,0.49382716049382713,0.9828825160510752
Kitesail Larcenist,47,35,11,U,3.0,Creature,0.9166666666666666,0.573170731707317,1.1182479022728387
Blood Crypt,42,34,11,BR,0.0,Land,0.9166666666666666,0.5526315789473685,1.0929496376337098
Luminarch Aspirant,53,27,11,W,2.0,Creature,0.9166666666666666,0.6625,1.2085791271914443
Exsanguinator Cavalry,28,38,11,B,3.0,Creature,0.9166666666666666,0.42424242424242425,0.8443987219695149
Reanimate,42,36,11,B,1.0,Sorcery,0.9166666666666666,0.5384615384615384,1.132598013188093
Swords to Plowshares,45,32,11,W,1.0,Instant,0.9166666666666666,0.5844155844155844,1.035059526498193
Preacher of the Schism,51,28,11,B,3.0,Creature,0.9166666666666666,0.6455696202531646,1.3471060014257916
Birds of Paradise,33,42,11,G,1.0,Creature,0.9166666666666666,0.44,0.9132693297242815
Wooded Foothills,41,44,11,,0.0,Land,0.9166666666666666,0.4823529411764706,1.0379773733564344
Bloodstained Mire,32,34,10,,0.0,Land,0.9090909090909091,0.48484848484848486,1.019089870754001
Faerie Mastermind,35,33,10,U,2.0,Creature,0.9090909090909091,0.5147058823529411,1.0788093175850715
Flametongue Kavu,41,34,10,R,4.0,Creature,0.9090909090909091,0.5466666666666666,1.0812765293451745
Dragon's Rage Channeler,30,37,10,R,1.0,Creature,0.9090909090909091,0.44776119402985076,0.9734261651038103
Werefox Bodyguard,40,29,10,W,3.0,Creature,0.9090909090909091,0.5797101449275363,1.0704838569441075
Ketria Triome,37,32,10,GRU,0.0,Land,0.9090909090909091,0.5362318840579711,1.0674182172627853
Spara's Headquarters,30,36,10,GUW,0.0,Land,0.9090909090909091,0.45454545454545453,0.8786148975202432
Malevolent Rumble,31,31,9,G,2.0,Sorcery,0.9,0.5,1.0592135909037077
Verdant Catacombs,23,34,9,,0.0,Land,0.9,0.40350877192982454,0.8820350458051942
Archon of Cruelty,28,34,9,B,8.0,Creature,0.9,0.45161290322580644,0.9992309205205435
Ash Barrens,36,27,9,,0.0,Land,0.9,0.5714285714285714,1.1144264980634495
Seething Landscape,29,27,8,BRU,0.0,Land,0.8888888888888888,0.5178571428571429,1.0493184484669746
Carnage Interpreter,23,26,8,BR,3.0,Creature,0.8888888888888888,0.46938775510204084,0.8974938878371235
Arid Mesa,65,50,15,,0.0,Land,0.8823529411764706,0.5652173913043478,1.109687991368666
Preordain,55,49,15,U,1.0,Sorcery,0.8823529411764706,0.5288461538461539,1.009832955590265
"Takenuma, Abandoned Mire",28,24,7,B,0.0,Land,0.875,0.5384615384615384,1.0792063325525934
Thragtusk,50,52,14,G,5.0,Creature,0.875,0.49019607843137253,0.9913997576648582
Ocelot Pride,29,17,7,W,1.0,Creature,0.875,0.6304347826086957,1.1589447174856053
"Tinybones, the Pickpocket",31,25,7,B,1.0,Creature,0.875,0.5535714285714286,1.0766736749243682
Harvester of Misery,20,30,7,B,5.0,Creature,0.875,0.4,0.8822328720094585
Giver of Runes,34,18,7,W,1.0,Creature,0.875,0.6538461538461539,1.1717249868844448
Mizzium Mortars,17,29,7,R,2.0,Sorcery,0.875,0.3695652173913043,0.7222373783506371
Get Lost,48,52,14,W,2.0,Instant,0.875,0.48,0.9379735074874359
Murktide Regent,24,24,7,U,7.0,Creature,0.875,0.5,0.9936008039038237
Embercleave,25,30,7,R,6.0,Artifact,0.875,0.45454545454545453,0.8814712290534656
Bonehoard Dracosaur,28,51,13,R,5.0,Creature,0.8666666666666667,0.35443037974683544,0.752249320162314
Urborg Scavengers,48,44,13,B,3.0,Creature,0.8666666666666667,0.5217391304347826,1.011630595033926
Toxic Deluge,49,40,13,B,3.0,Sorcery,0.8666666666666667,0.550561797752809,1.1277583448005688
Cemetery Gatekeeper,49,42,13,R,2.0,Creature,0.8666666666666667,0.5384615384615384,1.0230063568374077
Ziatora's Proving Ground,43,48,13,BGR,0.0,Land,0.8666666666666667,0.4725274725274725,1.050037006347318
Virtue of Persistence // Locthwain Scorn,33,51,13,B,7.0,Enchantment,0.8666666666666667,0.39285714285714285,0.877860167395896
Snapcaster Mage,39,50,13,U,2.0,Creature,0.8666666666666667,0.43820224719101125,0.8782103881890948
Fall from Favor,52,38,13,U,3.0,Enchantment,0.8666666666666667,0.5777777777777777,1.0933555574047058
Path to Exile,47,33,12,W,1.0,Instant,0.8571428571428571,0.5875,1.0716493355294805
Winds of Abandon,36,45,12,W,2.0,Sorcery,0.8571428571428571,0.4444444444444444,0.8620536941462591
Brain Maggot,42,44,12,B,2.0,Creature,0.8571428571428571,0.4883720930232558,0.9419365887266187
Raffine's Tower,52,29,12,BUW,0.0,Land,0.8571428571428571,0.6419753086419753,1.1980528622733473
"Eiganjo, Seat of the Empire",47,45,12,W,0.0,Land,0.8571428571428571,0.5108695652173914,0.9484126723697325
Jacked Rabbit,27,16,6,W,2.0,Creature,0.8571428571428571,0.627906976744186,1.1641786042458588
Fanatic of Rhonas,16,28,6,G,2.0,Creature,0.8571428571428571,0.36363636363636365,0.8647510142288611
Chain Lightning,47,34,12,R,1.0,Sorcery,0.8571428571428571,0.5802469135802469,1.1708313863621231
Thundering Falls,45,40,12,RU,0.0,Land,0.8571428571428571,0.5294117647058824,1.1029337031880395
Hullbreacher,42,40,12,U,3.0,Creature,0.8571428571428571,0.5121951219512195,1.0751663319104705
Smuggler's Surprise,21,22,6,G,1.0,Instant,0.8571428571428571,0.4883720930232558,0.9869155512874377
Burst Lightning,48,40,12,R,1.0,Instant,0.8571428571428571,0.5454545454545454,1.0318381480905348
Oliphaunt,41,43,12,R,6.0,Creature,0.8571428571428571,0.4880952380952381,1.0382797444990288
Psychic Frog,19,20,6,BU,2.0,Creature,0.8571428571428571,0.48717948717948717,0.9042634242557206
Marsh Flats,50,38,12,,0.0,Land,0.8571428571428571,0.5681818181818182,1.0851529350855846
Mulldrifter,45,40,12,U,5.0,Creature,0.8571428571428571,0.5294117647058824,1.0264904513184625
Baleful Mastery,39,44,12,B,4.0,Instant,0.8571428571428571,0.46987951807228917,0.9001383525030625
Orcish Bowmasters,40,38,11,B,2.0,Creature,0.8461538461538461,0.5128205128205128,0.9819416520075468
Undercity Sewers,42,33,11,BU,0.0,Land,0.8461538461538461,0.56,1.0672870726983774
Collective Brutality,35,45,11,B,2.0,Sorcery,0.8461538461538461,0.4375,0.9864847657192646
Sunfall,45,33,11,W,5.0,Sorcery,0.8461538461538461,0.5769230769230769,1.0423414599628071
Esper Sentinel,38,35,11,W,1.0,Creature,0.8461538461538461,0.5205479452054794,0.9511516701934307
Walking Ballista,49,31,11,,0.0,Creature,0.8461538461538461,0.6125,1.203101026000009
Xander's Lounge,33,42,11,BRU,0.0,Land,0.8461538461538461,0.44,0.8920319161147842
Skyclave Apparition,50,31,11,W,3.0,Creature,0.8461538461538461,0.6172839506172839,1.0746172679058976
"Rankle, Master of Pranks",40,44,11,B,4.0,Creature,0.8461538461538461,0.47619047619047616,0.953866376981679
"Boseiju, Who Endures",35,42,11,G,0.0,Land,0.8461538461538461,0.45454545454545453,0.9666614738221108
Agatha's Soul Cauldron,28,46,11,,2.0,Artifact,0.8461538461538461,0.3783783783783784,0.8151225690757002
"Jace, the Mind Sculptor",41,29,11,U,4.0,Planeswalker,0.8461538461538461,0.5857142857142857,1.110366567098327
Sunpetal Grove,29,45,10,GW,0.0,Land,0.8333333333333334,0.3918918918918919,0.8321355051650843
Condemn,37,33,10,W,1.0,Instant,0.8333333333333334,0.5285714285714286,0.9775305137090352
Bone Shards,38,37,10,B,1.0,Sorcery,0.8333333333333334,0.5066666666666667,1.07473387404819
Temple Garden,35,39,10,GW,0.0,Land,0.8333333333333334,0.47297297297297297,0.9582639733692839
Elegant Parlor,36,29,9,RW,0.0,Land,0.8181818181818182,0.5538461538461539,1.1873759219896123
Lethal Scheme,37,30,9,B,4.0,Instant,0.8181818181818182,0.5522388059701493,1.1473539863044269
Scalding Tarn,34,26,9,,0.0,Land,0.8181818181818182,0.5666666666666667,1.097727989382837
Underground Mortuary,33,30,9,BG,0.0,Land,0.8181818181818182,0.5238095238095238,1.0923157843674078
Collector's Vault,26,35,9,,2.0,Artifact,0.8181818181818182,0.4262295081967213,0.8721423740428321
Cathartic Pyre,28,40,9,R,2.0,Instant,0.8181818181818182,0.4117647058823529,0.8329728223329312
Windswept Heath,25,33,9,,0.0,Land,0.8181818181818182,0.43103448275862066,0.8882120877989804
Unholy Heat,49,45,13,R,1.0,Instant,0.8125,0.5212765957446809,1.1519386824670665
Glorybringer,44,54,13,R,5.0,Creature,0.8125,0.4489795918367347,0.9853964471090546
Jetmir's Garden,38,49,13,GRW,0.0,Land,0.8125,0.4367816091954023,0.8791064882784696
Questing Beast,30,33,8,G,4.0,Creature,0.8,0.47619047619047616,0.9345284336522991
Palace Jailer,54,27,12,W,4.0,Creature,0.8,0.6666666666666666,1.1895917915159326
The Wandering Emperor,31,22,8,W,4.0,Planeswalker,0.8,0.5849056603773585,1.117484169309396
Eagles of the North,34,23,8,W,6.0,Creature,0.8,0.5964912280701754,1.1375500215718888
Shadowy Backstreet,26,30,8,BW,0.0,Land,0.8,0.4642857142857143,0.887035244993288
Brazen Borrower // Petty Theft,40,43,12,U,3.0,Creature,0.8,0.4819277108433735,0.9167726531149809
Three Steps Ahead,25,27,8,U,1.0,Instant,0.8,0.4807692307692308,0.9323217373775246
"Chandra, Torch of Defiance",41,27,11,R,4.0,Planeswalker,0.7857142857142857,0.6029411764705882,1.1463893702347827
Faithless Looting,39,43,11,R,1.0,Sorcery,0.7857142857142857,0.47560975609756095,0.9772252518885045
Biophagus,34,45,11,G,2.0,Creature,0.7857142857142857,0.43037974683544306,0.919317926354004
Spitting Dilophosaurus,25,52,11,B,3.0,Creature,0.7857142857142857,0.3246753246753247,0.6750212605806329
Consider,36,39,11,U,1.0,Instant,0.7857142857142857,0.48,0.9636599404272901
Overgrown Tomb,37,35,11,BG,0.0,Land,0.7857142857142857,0.5138888888888888,1.1045410240166342
Prairie Stream,48,33,11,UW,0.0,Land,0.7857142857142857,0.5925925925925926,1.029914042557271
"Anim Pakal, Thousandth Moon",49,30,11,RW,3.0,Creature,0.7857142857142857,0.620253164556962,1.1513024066337136
Once Upon a Time,27,28,7,G,2.0,Instant,0.7777777777777778,0.4909090909090909,1.0071783086576465
Animate Dead,28,22,7,B,2.0,Enchantment,0.7777777777777778,0.56,1.1095368933624183
Lotus Cobra,24,27,7,G,2.0,Creature,0.7777777777777778,0.47058823529411764,1.0083497283540601
Seasoned Pyromancer,20,25,7,R,3.0,Creature,0.7777777777777778,0.4444444444444444,0.9179540061161731
Lion Sash,29,22,7,W,2.0,Creature,0.7777777777777778,0.5686274509803921,1.0420942681263439
Primeval Titan,23,28,7,G,6.0,Creature,0.7777777777777778,0.45098039215686275,1.004058821445614
Watery Grave,40,33,10,BU,0.0,Land,0.7692307692307693,0.547945205479452,1.0514337953401962
Nullpriest of Oblivion,24,47,10,B,2.0,Creature,0.7692307692307693,0.3380281690140845,0.699460059344867
Generous Ent,32,41,10,G,6.0,Creature,0.7692307692307693,0.4383561643835616,0.9223993350985904
Ponder,29,45,10,U,1.0,Sorcery,0.7692307692307693,0.3918918918918919,0.7456078124161699
Old One Eye,20,41,10,G,6.0,Creature,0.7692307692307693,0.32786885245901637,0.741639226293407
Persist,36,34,10,B,2.0,Sorcery,0.7692307692307693,0.5142857142857142,1.0870107722668454
Fiery Confluence,39,34,10,R,4.0,Sorcery,0.7692307692307693,0.5342465753424658,1.033133087149954
Victimize,30,38,10,B,3.0,Sorcery,0.7692307692307693,0.4411764705882353,0.9520412072455654
"Grist, the Hunger Tide",25,37,10,BG,3.0,Planeswalker,0.7692307692307693,0.4032258064516129,0.8864218694745924
Fetid Pools,38,34,10,BU,0.0,Land,0.7692307692307693,0.5277777777777778,0.985270962939154
Arcane Denial,42,49,13,U,2.0,Instant,0.7647058823529411,0.46153846153846156,0.9551805432514892
Chart a Course,30,35,9,U,2.0,Sorcery,0.75,0.46153846153846156,0.9173425939807807
Lush Portico,33,32,9,GW,0.0,Land,0.75,0.5076923076923077,0.9755648309498647
Urabrask's Forge,34,28,9,R,3.0,Artifact,0.75,0.5483870967741935,1.0708930190415888
"Malcolm, Alluring Scoundrel",55,33,12,U,2.0,Creature,0.75,0.625,1.230010492826946
Palantír of Orthanc,31,30,9,,3.0,Artifact,0.75,0.5081967213114754,1.0400311216829459
Shattered Landscape,22,20,6,BRW,0.0,Land,0.75,0.5238095238095238,1.0116044161617654
Death-Greeter's Champion,45,34,12,R,3.0,Creature,0.75,0.569620253164557,1.1172964641414145
Terror of the Peaks,29,36,9,R,5.0,Creature,0.75,0.4461538461538462,0.9285162064543127
"Krenko, Tin Street Kingpin",25,17,6,R,3.0,Creature,0.75,0.5952380952380952,1.1500159125544231
Bloodtithe Harvester,26,36,9,BR,2.0,Creature,0.75,0.41935483870967744,0.876309378676688
Parallax Wave,53,33,12,W,4.0,Enchantment,0.75,0.6162790697674418,1.1046069351907786
Firebolt,45,37,12,R,1.0,Sorcery,0.75,0.5487804878048781,1.0492457106057618
Grim Lavamancer,49,41,12,R,1.0,Creature,0.75,0.5444444444444444,1.0770019918919862
Sharp-Eyed Rookie,30,36,9,G,2.0,Creature,0.75,0.45454545454545453,0.9323775421175652
Dark Confidant,24,20,6,B,2.0,Creature,0.75,0.5454545454545454,1.1195369951000886
Talon Gates of Madara,30,17,6,,0.0,Land,0.75,0.6382978723404256,1.1675575303746302
Eternal Witness,32,35,9,G,3.0,Creature,0.75,0.47761194029850745,0.996712079676994
Hedge Maze,37,31,9,GU,0.0,Land,0.75,0.5441176470588235,1.1160055018672894
Flame Slash,24,15,6,R,1.0,Sorcery,0.75,0.6153846153846154,1.2165529116173674
Touch the Spirit Realm,34,31,9,W,3.0,Enchantment,0.75,0.5230769230769231,0.9961114489069507
Izzet Boilerworks,23,33,9,RU,0.0,Land,0.75,0.4107142857142857,0.8861276198888938
Bristlebud Farmer,16,30,6,G,4.0,Creature,0.75,0.34782608695652173,0.845936982087824
Counterspell,36,40,11,U,2.0,Instant,0.7333333333333333,0.47368421052631576,0.9496763366517258
Fateful Absence,50,27,11,W,2.0,Instant,0.7333333333333333,0.6493506493506493,1.1808018559072202
Intrepid Adversary,48,38,11,W,2.0,Creature,0.7333333333333333,0.5581395348837209,1.0641193833841132
Mawloc,32,47,11,GR,2.0,Creature,0.7333333333333333,0.4050632911392405,0.8798516135441833
Ephemerate,56,23,11,W,1.0,Instant,0.7333333333333333,0.7088607594936709,1.2163515966522653
Miscalculation,33,25,8,U,2.0,Instant,0.7272727272727273,0.5689655172413793,1.0507886865892488
Hazoret the Fervent,33,24,8,R,4.0,Creature,0.7272727272727273,0.5789473684210527,1.1807177453529416
Restless Prairie,26,30,8,GW,0.0,Land,0.7272727272727273,0.4642857142857143,0.928057564356542
Phyrexian Fleshgorger,31,29,8,B,7.0,Creature,0.7272727272727273,0.5166666666666667,1.1342483569943598
Lórien Revealed,26,28,8,U,5.0,Sorcery,0.7272727272727273,0.48148148148148145,0.9793051113668458
Infernal Grasp,31,23,8,B,2.0,Instant,0.7272727272727273,0.5740740740740741,1.0688475298319835
"Liliana, Dreadhorde General",24,30,8,B,6.0,Planeswalker,0.7272727272727273,0.4444444444444444,0.9261224908075462
Savai Triome,30,30,8,BRW,0.0,Land,0.7272727272727273,0.5,0.9752159966798346
Remand,61,38,13,U,2.0,Instant,0.7222222222222222,0.6161616161616161,1.1726173889929798
Control Magic,38,27,10,U,4.0,Enchantment,0.7142857142857143,0.5846153846153846,1.1318152860753308
"Uro, Titan of Nature's Wrath",39,34,10,GU,3.0,Creature,0.7142857142857143,0.5342465753424658,1.0403843160545732
Guardian Scalelord,44,32,10,W,5.0,Creature,0.7142857142857143,0.5789473684210527,1.0485355367392633
Dread Return,30,39,10,B,4.0,Sorcery,0.7142857142857143,0.43478260869565216,0.9620082393086299
Lose Focus,43,29,10,U,2.0,Instant,0.7142857142857143,0.5972222222222222,1.1883612544360158
Escape Tunnel,30,37,10,,0.0,Land,0.7142857142857143,0.44776119402985076,0.8526034392254948
Tishana's Tidebinder,36,35,10,U,3.0,Creature,0.7142857142857143,0.5070422535211268,0.9732456367180908
Indatha Triome,36,37,10,BGW,0.0,Land,0.7142857142857143,0.4931506849315068,0.9610460511411432
Restless Vents,31,37,10,BR,0.0,Land,0.7142857142857143,0.45588235294117646,0.9092954844022778
Monastery Swiftspear,32,42,10,R,1.0,Creature,0.7142857142857143,0.43243243243243246,0.9045737728549138
Glen Elendra Archmage,39,29,10,U,4.0,Creature,0.7142857142857143,0.5735294117647058,1.0582742272199126
Professional Face-Breaker,25,45,10,R,3.0,Creature,0.7142857142857143,0.35714285714285715,0.7686397941711879
Steam Vents,34,32,10,RU,0.0,Land,0.7142857142857143,0.5151515151515151,1.0829243187449564
Mother of Runes,39,35,10,W,1.0,Creature,0.7142857142857143,0.527027027027027,0.9930028367727308
"Nissa, Who Shakes the World",22,27,7,G,5.0,Planeswalker,0.7,0.4489795918367347,0.9647457064835094
Inquisition of Kozilek,23,27,7,B,1.0,Sorcery,0.7,0.46,0.920163955465462
"Nadu, Winged Wisdom",28,21,7,GU,3.0,Creature,0.7,0.5714285714285714,1.0732134126408963
Baleful Strix,18,28,7,BU,2.0,Creature,0.7,0.391304347826087,0.799519073985152
Collector's Cage,35,20,7,W,2.0,Artifact,0.7,0.6363636363636364,1.224978333304641
Archfiend of Ifnir,21,30,7,B,5.0,Creature,0.7,0.4117647058823529,0.8357252937549781
Securitron Squadron,29,22,7,W,2.0,Creature,0.7,0.5686274509803921,1.048263955198351
Raugrin Triome,23,27,7,RUW,0.0,Land,0.7,0.46,0.7990308442614067
Restless Bivouac,35,34,9,RW,0.0,Land,0.6923076923076923,0.5072463768115942,1.086419081216505
Living Death,28,37,9,B,5.0,Sorcery,0.6923076923076923,0.4307692307692308,0.9521315141381761
Arbor Elf,36,34,9,G,1.0,Creature,0.6923076923076923,0.5142857142857142,1.058964756041447
Utopia Sprawl,29,35,9,G,1.0,Enchantment,0.6923076923076923,0.453125,1.0005471227632308
Pest Infestation,28,36,9,G,1.0,Sorcery,0.6923076923076923,0.4375,0.9095618893091377
Exhume,27,36,9,B,2.0,Sorcery,0.6923076923076923,0.42857142857142855,1.0231149702995006
Sacred Foundry,37,29,9,RW,0.0,Land,0.6923076923076923,0.5606060606060606,1.0804936764766604
Blade Splicer,42,24,9,W,3.0,Creature,0.6923076923076923,0.6363636363636364,1.0653038457760047
Twinshot Sniper,39,32,9,R,4.0,Creature,0.6923076923076923,0.5492957746478874,1.0681604287564834
Virtue of Loyalty // Ardenvale Fealty,35,30,9,W,5.0,Enchantment,0.6923076923076923,0.5384615384615384,1.0530652697256484
Ledger Shredder,33,26,9,U,2.0,Creature,0.6923076923076923,0.559322033898305,1.122444902976118
Thraben Inspector,34,26,9,W,1.0,Creature,0.6923076923076923,0.5666666666666667,1.075604382494991
Hallowed Fountain,32,27,9,UW,0.0,Land,0.6923076923076923,0.5423728813559322,0.9998679083928663
Breach the Multiverse,32,29,9,B,7.0,Sorcery,0.6923076923076923,0.5245901639344263,1.0702963942836916
Restless Cottage,40,40,11,BG,0.0,Land,0.6875,0.5,1.0331259783590758
Spyglass Siren,39,39,11,U,1.0,Creature,0.6875,0.5,0.9540042874623794
Deceptive Landscape,26,17,6,BGW,0.0,Land,0.6666666666666666,0.6046511627906976,1.2009749969612067
Triplicate Titan,33,36,10,,9.0,Creature,0.6666666666666666,0.4782608695652174,1.0531742055436013
"Treebeard, Gracious Host",31,29,8,GW,4.0,Creature,0.6666666666666666,0.5166666666666667,1.023924353883517
Knight of the Ebon Legion,26,31,8,B,1.0,Creature,0.6666666666666666,0.45614035087719296,0.9083948922473873
Smirking Spelljacker,23,21,6,U,5.0,Creature,0.6666666666666666,0.5227272727272727,0.956244259706412
Prismari Command,29,28,8,RU,3.0,Instant,0.6666666666666666,0.5087719298245614,1.0547824272483588
Echo of Eons,25,29,8,U,6.0,Sorcery,0.6666666666666666,0.46296296296296297,1.0355484705066433
Vendilion Clique,32,27,8,U,3.0,Creature,0.6666666666666666,0.5423728813559322,1.0057707562451224
Voldaren Thrillseeker,22,19,6,R,3.0,Creature,0.6666666666666666,0.5365853658536586,1.02111371964227
Thoughtseize,32,25,8,B,1.0,Sorcery,0.6666666666666666,0.5614035087719298,1.0703725027407192
Incinerate,22,20,6,R,2.0,Instant,0.6666666666666666,0.5238095238095238,1.116619298842865
Recruitment Officer,30,21,8,W,1.0,Creature,0.6666666666666666,0.5882352941176471,1.051487154996627
Feed the Swarm,19,24,6,B,2.0,Sorcery,0.6666666666666666,0.4418604651162791,0.983940781245545
Robber of the Rich,41,38,10,R,2.0,Creature,0.6666666666666666,0.5189873417721519,1.039659955696931
Inspiring Overseer,32,26,8,W,3.0,Creature,0.6666666666666666,0.5517241379310345,0.9550736245588111
Eradicator Valkyrie,19,24,6,B,4.0,Creature,0.6666666666666666,0.4418604651162791,0.8570537881065136
Chrome Host Seedshark,32,33,10,U,3.0,Creature,0.6666666666666666,0.49230769230769234,0.9777423227010157
Commercial District,38,33,10,GR,0.0,Land,0.6666666666666666,0.5352112676056338,1.0990241604489557
Kolaghan's Command,42,39,11,BR,3.0,Instant,0.6470588235294118,0.5185185185185185,1.0481244541754575
"Mikaeus, the Lunarch",33,48,11,W,1.0,Creature,0.6470588235294118,0.4074074074074074,0.8322920185774273
Scavenged Brawler,26,34,9,,6.0,Creature,0.6428571428571429,0.43333333333333335,0.9359076477596405
Meticulous Archive,36,29,9,UW,0.0,Land,0.6428571428571429,0.5538461538461539,1.0421071988033486
Plaguecrafter,26,34,9,B,3.0,Creature,0.6428571428571429,0.43333333333333335,0.8266332668221654
Torrential Gearhulk,29,32,9,U,6.0,Creature,0.6428571428571429,0.47540983606557374,0.9196353464215906
Isolated Chapel,42,26,9,BW,0.0,Land,0.6428571428571429,0.6176470588235294,1.1970487593422858
"Venser, Shaper Savant",24,25,7,U,4.0,Creature,0.6363636363636364,0.4897959183673469,1.0212584813708696
Sylvan Safekeeper,21,27,7,G,1.0,Creature,0.6363636363636364,0.4375,0.9233712273836304
Skullclamp,28,24,7,,1.0,Artifact,0.6363636363636364,0.5384615384615384,1.129611474266159
Deathrite Shaman,29,20,7,BG,1.0,Creature,0.6363636363636364,0.5918367346938775,1.2250245478511446
Shambling Vent,30,22,7,BW,0.0,Land,0.6363636363636364,0.5769230769230769,1.0812034386663827
Sneak Attack,24,28,7,R,4.0,Enchantment,0.6363636363636364,0.46153846153846156,0.9777483592935807
Cryptic Coat,43,24,10,U,3.0,Artifact,0.625,0.6417910447761194,1.1966870974447426
Warden of the Inner Sky,39,36,10,W,1.0,Creature,0.625,0.52,0.9716934999211467
Elite Spellbinder,36,35,10,W,3.0,Creature,0.625,0.5070422535211268,0.9501618179324781
Fiery Islet,29,36,10,RU,0.0,Land,0.625,0.4461538461538462,0.9441096104846455
Declaration in Stone,31,40,10,W,2.0,Sorcery,0.625,0.43661971830985913,0.8293914075968005
Shark Typhoon,41,26,10,U,6.0,Enchantment,0.625,0.6119402985074627,1.221767164312161
Soulherder,33,19,8,UW,3.0,Creature,0.6153846153846154,0.6346153846153846,1.1031907382675932
Raucous Theater,22,32,8,BR,0.0,Land,0.6153846153846154,0.4074074074074074,0.8068006631311798
Brainstorm,26,32,8,U,1.0,Instant,0.6153846153846154,0.4482758620689655,0.8595743342234272
"Rishkar, Peema Renegade",24,35,8,G,3.0,Creature,0.6153846153846154,0.4067796610169492,0.8257004338576265
Goblin Rabblemaster,32,23,8,R,3.0,Creature,0.6153846153846154,0.5818181818181818,1.0760111217762396
Hero of Bladehold,36,30,8,W,4.0,Creature,0.6153846153846154,0.5454545454545454,1.017420414506729
Celestial Colonnade,36,22,8,UW,0.0,Land,0.6153846153846154,0.6206896551724138,1.0913979613328224
Godless Shrine,26,28,8,BW,0.0,Land,0.6153846153846154,0.48148148148148145,1.0006871666551993
Deep Analysis,26,32,8,U,4.0,Sorcery,0.6153846153846154,0.4482758620689655,0.9460384634861668
Sevinne's Reclamation,24,26,8,W,3.0,Sorcery,0.6153846153846154,0.48,0.9991687818740485
Restoration Angel,36,25,8,W,4.0,Creature,0.6153846153846154,0.5901639344262295,1.02430509031336
Cryptbreaker,25,35,8,B,1.0,Creature,0.6153846153846154,0.4166666666666667,0.8459331971557488
Gilded Goose,25,34,8,G,1.0,Creature,0.6153846153846154,0.423728813559322,0.8995517730864214
Sakura-Tribe Elder,21,36,8,G,2.0,Creature,0.6153846153846154,0.3684210526315789,0.8702087617113478
Elvish Mystic,15,36,8,G,1.0,Creature,0.6153846153846154,0.29411764705882354,0.6745740837245845
Bronzebeak Foragers,29,29,8,W,4.0,Creature,0.6153846153846154,0.5,0.9326055688555345
Hostile Investigator,25,21,6,B,4.0,Creature,0.6,0.5434782608695652,1.0017830619197505
"Elspeth, Sun's Champion",29,20,6,W,6.0,Planeswalker,0.6,0.5918367346938775,1.0609072285552699
Wrenn and Six,20,24,6,GR,2.0,Planeswalker,0.6,0.45454545454545453,1.0241358965681446
Reckless Impulse,20,23,6,R,2.0,Sorcery,0.6,0.46511627906976744,0.9065901914913488
"Halana and Alena, Partners",20,25,6,GR,4.0,Creature,0.6,0.4444444444444444,0.9765676954796845
Reflector Mage,37,23,9,UW,3.0,Creature,0.6,0.6166666666666667,1.0888370891509085
Warleader's Call,34,33,9,RW,3.0,Enchantment,0.6,0.5074626865671642,1.0029054563949273
Reprieve,21,16,6,W,2.0,Instant,0.6,0.5675675675675675,1.1045084097538929
Aerial Extortionist,38,20,9,W,5.0,Creature,0.6,0.6551724137931034,1.1498238541426045
Steamcore Scholar,20,19,6,U,3.0,Creature,0.6,0.5128205128205128,0.9851466481681276
"Heliod, Sun-Crowned",33,34,9,W,3.0,Creature,0.6,0.4925373134328358,0.971832308562709
Liliana of the Veil,21,24,7,B,3.0,Planeswalker,0.5833333333333334,0.4666666666666667,1.0097378470327547
Displacer Kitten,23,23,7,U,4.0,Creature,0.5833333333333334,0.5,0.9896577787732177
Arboreal Grazer,23,30,7,G,1.0,Creature,0.5833333333333334,0.4339622641509434,0.9160283391654855
Serra Paragon,31,26,7,W,4.0,Creature,0.5833333333333334,0.543859649122807,1.0514082606749109
Clarion Spirit,25,20,7,W,2.0,Creature,0.5833333333333334,0.5555555555555556,1.0520534611268313
Thorn of the Black Rose,18,29,7,B,4.0,Creature,0.5833333333333334,0.3829787234042553,0.7665608529285698
Unearth,21,28,7,B,1.0,Sorcery,0.5833333333333334,0.42857142857142855,0.9332940583909619
Court of Garenbrig,24,27,7,G,3.0,Enchantment,0.5833333333333334,0.47058823529411764,1.0549931688476768
Stomping Ground,26,31,8,GR,0.0,Land,0.5714285714285714,0.45614035087719296,1.0985722373017803
Black Sun's Twilight,25,27,8,B,1.0,Instant,0.5714285714285714,0.4807692307692308,0.9916088545875389
Shivan Devastator,34,28,8,R,1.0,Creature,0.5714285714285714,0.5483870967741935,1.0679638741069848
"Massacre Girl, Known Killer",32,22,8,B,4.0,Creature,0.5714285714285714,0.5925925925925926,1.1615387994244963
Usher of the Fallen,30,24,8,W,1.0,Creature,0.5714285714285714,0.5555555555555556,1.1111899894620096
Aether Channeler,35,20,8,U,3.0,Creature,0.5714285714285714,0.6363636363636364,1.222290959175032
Windfall,22,29,8,U,3.0,Sorcery,0.5714285714285714,0.43137254901960786,0.9519170715529527
Goblin Guide,43,26,9,R,1.0,Creature,0.5625,0.6231884057971014,1.1418908337406102
Figure of Destiny,31,28,9,RW,1.0,Creature,0.5625,0.5254237288135594,1.0240273771233694
Pteramander,23,17,6,U,1.0,Creature,0.5454545454545454,0.575,1.07429136732531
Esika's Chariot,24,21,6,G,4.0,Artifact,0.5454545454545454,0.5333333333333333,1.06531916647673
Noxious Gearhulk,21,21,6,B,6.0,Creature,0.5454545454545454,0.5,1.039903440255484
Stonecoil Serpent,16,26,6,,0.0,Creature,0.5454545454545454,0.38095238095238093,0.7173970454683242
Commit // Memory,23,21,6,U,10.0,Sorcery,0.5454545454545454,0.5227272727272727,1.06260689871521
Serum Visions,19,20,6,U,1.0,Sorcery,0.5454545454545454,0.48717948717948717,0.9479512899651786
Inspiring Vantage,28,23,7,RW,0.0,Land,0.5384615384615384,0.5490196078431373,1.1109179940527287
Zealous Conscripts,30,24,7,R,5.0,Creature,0.5384615384615384,0.5555555555555556,1.0418723115641835
"Narset, Parter of Veils",28,21,7,U,3.0,Planeswalker,0.5384615384615384,0.5714285714285714,1.1433836384692628
Staff of the Storyteller,26,28,7,W,2.0,Artifact,0.5384615384615384,0.48148148148148145,0.97819508405106
Wild Growth,22,29,7,G,1.0,Enchantment,0.5384615384615384,0.43137254901960786,0.911246812076353
Ashen Rider,23,29,7,BW,8.0,Creature,0.5384615384615384,0.4423076923076923,0.985926085088096
Farseek,24,29,7,G,2.0,Sorcery,0.5384615384615384,0.4528301886792453,0.9114483195089371
Conduit of Worlds,20,33,8,G,4.0,Artifact,0.5333333333333333,0.37735849056603776,0.8469817364883534
Tenacious Underdog,26,31,8,B,2.0,Creature,0.5333333333333333,0.45614035087719296,0.9634342867972124
Woodland Cemetery,28,24,8,BG,0.0,Land,0.5333333333333333,0.5384615384615384,1.1785635426429708
Third Path Iconoclast,25,27,8,RU,2.0,Creature,0.5333333333333333,0.4807692307692308,0.9967274262791189
Young Pyromancer,28,29,9,R,2.0,Creature,0.5294117647058824,0.49122807017543857,0.9706862747462541
Circuit Mender,26,16,6,,3.0,Creature,0.5,0.6190476190476191,1.0685153629305322
Three Visits,18,31,7,G,2.0,Sorcery,0.5,0.3673469387755102,0.8605737674195459
Wood Elves,21,19,6,G,3.0,Creature,0.5,0.525,1.0559790312331983
Light Up the Stage,24,31,7,R,3.0,Sorcery,0.5,0.43636363636363634,0.8152521261895957
Spirited Companion,36,25,8,W,2.0,Creature,0.5,0.5901639344262295,1.0176520512078835
Raging Ravine,25,29,7,GR,0.0,Land,0.5,0.46296296296296297,1.0645650217036808
Authority of the Consuls,26,18,6,W,1.0,Enchantment,0.5,0.5909090909090909,1.0975464052381094
Felidar Guardian,30,14,7,W,4.0,Creature,0.5,0.6818181818181818,1.1096452166927728
Burn Down the House,21,23,6,R,5.0,Sorcery,0.5,0.4772727272727273,1.0380050174718893
Sphinx's Tutelage,20,20,6,U,3.0,Enchantment,0.5,0.5,1.0497657323359832
Gala Greeters,20,22,6,G,2.0,Creature,0.5,0.47619047619047616,0.9239495628433188
"Éomer, King of Rohan",26,17,6,RW,5.0,Creature,0.5,0.6046511627906976,1.1296691174268183
Negate,23,27,7,U,2.0,Instant,0.5,0.46,0.869975771410264
Ornithopter of Paradise,20,25,7,,2.0,Creature,0.5,0.4444444444444444,0.8793093898879686
Karmic Guide,23,30,7,W,5.0,Creature,0.4666666666666667,0.4339622641509434,0.9106112823523373
Mishra's Factory,24,22,6,,0.0,Land,0.46153846153846156,0.5217391304347826,0.9945969122087621
Cathar Commando,27,19,6,W,2.0,Creature,0.46153846153846156,0.5869565217391305,1.0788266102743
Hedron Crab,19,20,6,U,1.0,Creature,0.46153846153846156,0.48717948717948717,0.9707686411987329
Confounding Riddle,15,18,6,U,3.0,Instant,0.46153846153846156,0.45454545454545453,0.9787199290651181
Tireless Provisioner,15,24,6,G,3.0,Creature,0.46153846153846156,0.38461538461538464,0.7935575874507173
"Kari Zev, Skyship Raider",20,22,6,R,2.0,Creature,0.46153846153846156,0.47619047619047616,0.8747525081729858
Sulfuric Vortex,27,16,6,R,3.0,Enchantment,0.46153846153846156,0.627906976744186,1.1349523366089151
Contest of Claws,22,19,6,G,2.0,Sorcery,0.46153846153846156,0.5365853658536586,1.1482328313947987
Life from the Loam,25,23,7,G,2.0,Sorcery,0.4375,0.5208333333333334,1.1268599224957947
Stoke the Flames,29,22,7,R,4.0,Instant,0.4375,0.5686274509803921,1.0640143331637057
Voldaren Epicure,26,24,7,R,1.0,Creature,0.4117647058823529,0.52,0.991774762344752
"Valakut, the Molten Pinnacle",20,25,6,R,0.0,Land,0.4,0.4444444444444444,0.9535739709636494
Hulking Raptor,10,27,6,G,4.0,Creature,0.4,0.2702702702702703,0.6701331323089248
Riftwing Cloudskate,19,22,6,U,5.0,Creature,0.4,0.4634146341463415,0.8698789004400515
Hangarback Walker,18,24,6,,0.0,Creature,0.375,0.42857142857142855,0.8723303412320116
Restless Vinestalk,18,21,6,GU,0.0,Land,0.375,0.46153846153846156,0.935468162376865
